{"generated":"2026-02-04","DJ":{"opt":{"file":"DJ_web_opt.geojson","features":34,"points_total":12035,"size_mb":0.252,"max_area_error":0.0014646411470160738,"area_error_p50_p90_p99":[0.00030826217478135715,0.000834679541030963,0.0013457732416126574]},"hi":{"file":"DJ_web_hi.geojson","features":34,"points_total":17014,"size_mb":0.353,"max_area_error":0.001079404218252365,"area_error_p50_p90_p99":[0.00015351643639054563,0.0005232973302853998,0.000951884587820721]},"lite":{"file":"DJ_web_lite.geojson","features":34,"points_total":8546,"size_mb":0.18,"max_area_error":0.002232696745254395,"area_error_p50_p90_p99":[0.0006117900150369746,0.0016294252821553803,0.0021820748385064552]}},"PROV":{"opt":{"file":"PROV_web_opt.geojson","features":230,"points_total":65723,"size_mb":1.391,"max_area_error":0.003089234691477016,"area_error_p50_p90_p99":[0.00019784824039219338,0.0006309885033662598,0.0014787604583964787]},"hi":{"file":"PROV_web_hi.geojson","features":230,"points_total":96948,"size_mb":2.027,"max_area_error":0.0010764662958544398,"area_error_p50_p90_p99":[9.65630623200016e-05,0.00029759453361903913,0.0008804631432658944]},"lite":{"file":"PROV_web_lite.geojson","features":230,"points_total":48129,"size_mb":1.033,"max_area_error":0.0034921692373265987,"area_error_p50_p90_p99":[0.0003018265996019792,0.0010325357425997855,0.001998864345555061]},"split_by_dj":{"index":"prov_index.json","folder":"prov_by_dj/","files":34}},"notes":["Simplificación adaptativa por feature (tolerancia en metros proporcional al tamaño del polígono) con preserve_topology.","Validación/reparación de geometría (buffer(0) si es inválida) y redondeo de coordenadas a 5 decimales.","Recomendación: usar DJ_opt para vista inicial y PROV por DJ (prov_by_dj) para drilldown (descarga perezosa)."]}